{
  "threshold": 0.9400000000000002,
  "auc_test": 0.7299594319892482,
  "f1_test": 0.3089199964056134
}